"Algorithm","Hash","Path"
"SHA256","41D1F993F7E393571534D4E3562618D1C7B3CA6D43801F409F2D20E6AE8DE7A5",".github/workflows/validate.yml"
"SHA256","9E7B752A4BA141997558FC07CC0EF25CECF21B7BAC003BB3417D1BC27B97A87D",".gitignore"
"SHA256","7A487CF3D7A52B0060D2E53103445A4F3B304D031A42EA3226512531E7CF6CAD","3BS-Simulator.py"
"SHA256","34E3FD45C5FCE189522C072737D3ED8D437F249BF6617055516FEDF916134A5E","AGENTS.md"
"SHA256","A5BEC62F9C8321E0B689BA5A0295B2A50FA6FF77F0D7A2E31A1A071A1B314A55","analyzer.py"
"SHA256","0918DDB5CF7BC1AF2ECE10B7A8CE8DB5105A2B7DCB42899FF14A291F5DF421AD","assets/banner.svg"
"SHA256","260C3A3DCFF5AA76388EF96CA1E5E1B11758B9384B80CEB9F4E2BAF46A809722","CITATION.cff"
"SHA256","FFCCA38841ADB694B6F380647E15F17C446A4D1656FED51A1E2041D064C94CC8","LICENSE"
"SHA256","540C36EA3A06EEBDD894B7CC9A8564AFA1C037DC499DD2427C8E442E3A30D182","NOTICE"
"SHA256","532E7AE7705210B2B856AF64A8ABAF61F49E84DCAB131D9D896D722F57DD07EA","README.md"
"SHA256","40E658A333BE31E40BBABE927B04135597965655D5A0A5EC21942AEF026ED541","requirements.txt"
"SHA256","3448792360ACEB29F8E745B05DF74D32FF745A6F4BF75FA57A24C7E2617C630F","three_body_chaos_modules/__init__.py"
"SHA256","4F5FB18E2034A44DF5060F4EE63644A75AC408837F7B240596432F63DB8FBE06","three_body_chaos_modules/00_prelude_config.py"
"SHA256","591B6B85C4F42F37E89B6A1A896D78FBA2C7DBD410A17C9E0C9E0E5103A1DD18","three_body_chaos_modules/01_initial_conditions.py"
"SHA256","5470A4EA9D61E9573A625940B94138E4345D5ED67C303D2B43D20D6F6874E20A","three_body_chaos_modules/02_physics_integration.py"
"SHA256","A71A85BC26723B1030D2A40AD6CF959AE097F85955485FEBD7B14F068437DE5C","three_body_chaos_modules/03_lyapunov_validation.py"
"SHA256","A81BD1EB3D2C52743874D5935461CCA63948C778C9387F8F7CE72C97366E7111","three_body_chaos_modules/04_ensemble.py"
"SHA256","33DCA8AF54189F312B446C5861464ED7166B1DC125CE214E69A463D260C746F6","three_body_chaos_modules/05_diagnostics.py"
"SHA256","831F84A84BF0796B89948EFE28AB8D4120A6BFB38E548CE543520E592687F8A2","three_body_chaos_modules/06_plotting_reporting.py"
"SHA256","3E209F5D3127C4C4751FF7221ED6FAD8D70C06FEFB39F91F23C35062FEB5319D","three_body_chaos_modules/07_cli_main.py"
